{
    "env": {
        "awscloudformation": {
            "AuthRoleName": "amplify-flingphone-env-134338-authRole",
            "UnauthRoleArn": "arn:aws:iam::940823358150:role/amplify-flingphone-env-134338-unauthRole",
            "AuthRoleArn": "arn:aws:iam::940823358150:role/amplify-flingphone-env-134338-authRole",
            "Region": "us-east-1",
            "DeploymentBucketName": "amplify-flingphone-env-134338-deployment",
            "UnauthRoleName": "amplify-flingphone-env-134338-unauthRole",
            "StackName": "amplify-flingphone-env-134338",
            "StackId": "arn:aws:cloudformation:us-east-1:940823358150:stack/amplify-flingphone-env-134338/ed279470-3bcd-11ea-bb5d-0ed2247e0ea9",
            "AmplifyAppId": "dpkoqus097f0f"
        },
        "categories": {
            "auth": {
                "flingphone2f843197": {}
            }
        }
    }
}